accepted_grafts_on_target_before_stage,activation,actual_decision,actual_gain,actual_target,best_loss,best_step,candidate_composed_gain,candidate_composed_loss,candidate_score,candidate_tag,candidate_target,checkpoint_bytes_delta,efficiency_rank,efficiency_score,elapsed_s,final_loss,gain,gain_per_mb_checkpoint,gain_per_million_params,gain_per_probe_second,init_scale,learning_rate,matches_actual_target,ntk_activation_score,ntk_delta_abs,ntk_delta_from_previous_stage,ntk_hybrid_bonus,ntk_hybrid_penalty,ntk_rank,ntk_risk_penalty,params_per_graft,pass,previous_composed_loss,previous_loss,previous_ntk_activation_score,probe_seconds,redundancy_penalty,run_dir,saturation_adjusted_ntk,seed,stage,trained_steps
0,silu,approved,0.0015499591827392578,blocks.4,10.41462755203247,5000,0.0015468597412109375,10.41462755203247,0.0016289375829696656,blocks.4|lr=3.00e-07|scale=5.00e-03|act=silu,blocks.4,19882756,1,0.0014637468050422663,592.9118523140205,10.42863917350769,0.0015468597412109375,7.779906071426604e-05,0.0003111962428570642,2.6089202554711e-06,0.005,3e-07,True,4.103892087936401,,,8.207784175872804e-05,0.0,1,0.0,4970689,deep,10.416174411773682,10.416174411773682,,592.9118523140205,0.0,/home/rato/dev/ai/SAINT-G/runs/phase16_marco4n_b_ntk_hybrid_topk8_probe2k_24graft_seed42,4.103892087936401,42,1,20000
0,silu,approved,0.0015499591827392578,blocks.4,10.414624452590942,10000,0.0015499591827392578,10.414624452590942,0.001632037024497986,blocks.4|lr=1.00e-07|scale=1.00e-02|act=silu,blocks.4,19882756,2,0.0014530098412322862,731.2759056970244,10.42118525505066,0.0015499591827392578,7.795494662506836e-05,0.00031181978650027345,2.119527213551355e-06,0.01,1e-07,True,4.103892087936401,,,8.207784175872804e-05,0.0,1,0.0,4970689,deep,10.416174411773682,10.416174411773682,,731.2759056970244,0.0,/home/rato/dev/ai/SAINT-G/runs/phase16_marco4n_b_ntk_hybrid_topk8_probe2k_24graft_seed42,4.103892087936401,42,1,25000
0,silu,approved,0.0015499591827392578,blocks.4,10.414742946624756,5000,0.0014314651489257812,10.414742946624756,0.0014924734485149383,blocks.3|lr=3.00e-07|scale=5.00e-03|act=silu,blocks.3,19882756,3,0.0013424481624582105,651.9523553030158,10.428914546966553,0.0014314651489257812,7.199530834285656e-05,0.0002879812333714262,2.1956591417795582e-06,0.005,3e-07,False,3.0504149794578552,,,6.100829958915711e-05,0.0,2,0.0,4970689,deep,10.416174411773682,10.416174411773682,,651.9523553030158,0.0,/home/rato/dev/ai/SAINT-G/runs/phase16_marco4n_b_ntk_hybrid_topk8_probe2k_24graft_seed42,3.0504149794578552,42,1,20000
0,silu,approved,0.0015499591827392578,blocks.4,10.41480803489685,5000,0.0013663768768310547,10.41480803489685,0.0014074476689100266,blocks.2|lr=3.00e-07|scale=1.00e-02|act=silu,blocks.2,19882756,4,0.0012711012344463865,714.5389144739893,10.427567720413208,0.0013663768768310547,6.872170421600781e-05,0.00027488681686403123,1.9122497727599882e-06,0.01,3e-07,False,2.053539603948593,,,4.107079207897187e-05,0.0,3,0.0,4970689,deep,10.416174411773682,10.416174411773682,,714.5389144739893,0.0,/home/rato/dev/ai/SAINT-G/runs/phase16_marco4n_b_ntk_hybrid_topk8_probe2k_24graft_seed42,2.053539603948593,42,1,20000
0,silu,approved,0.0015499591827392578,blocks.4,10.414814949035645,5000,0.0013594627380371094,10.414814949035645,0.0014005335301160813,blocks.2|lr=3.00e-07|scale=5.00e-03|act=silu,blocks.2,19882756,5,0.0012638378097511412,718.0317734869896,10.426877975463867,0.0013594627380371094,6.837395872267956e-05,0.00027349583489071826,1.8933183575360852e-06,0.005,3e-07,False,2.053539603948593,,,4.107079207897187e-05,0.0,3,0.0,4970689,deep,10.416174411773682,10.416174411773682,,718.0317734869896,0.0,/home/rato/dev/ai/SAINT-G/runs/phase16_marco4n_b_ntk_hybrid_topk8_probe2k_24graft_seed42,2.053539603948593,42,1,20000
0,silu,approved,0.0015499591827392578,blocks.4,10.414959907531738,5000,0.0012145042419433594,10.414959907531738,0.0012965820837020875,blocks.4|lr=3.00e-07|scale=1.00e-03|act=silu,blocks.4,19882756,6,0.0011310819345332907,596.0055647279951,10.428584814071655,0.0012145042419433594,6.108329458669408e-05,0.0002443331783467763,2.0377397692547292e-06,0.001,3e-07,True,4.103892087936401,,,8.207784175872804e-05,0.0,1,0.0,4970689,deep,10.416174411773682,10.416174411773682,,596.0055647279951,0.0,/home/rato/dev/ai/SAINT-G/runs/phase16_marco4n_b_ntk_hybrid_topk8_probe2k_24graft_seed42,4.103892087936401,42,1,20000
0,silu,approved,0.0015499591827392578,blocks.4,10.415069341659546,5000,0.0011050701141357422,10.415069341659546,0.0011660784137248993,blocks.3|lr=3.00e-07|scale=1.00e-02|act=silu,blocks.3,19882756,7,0.001015069868646672,661.7849455180112,10.430528163909912,0.0011050701141357422,5.557932281298137e-05,0.00022231729125192547,1.6698326573004016e-06,0.01,3e-07,False,3.0504149794578552,,,6.100829958915711e-05,0.0,2,0.0,4970689,deep,10.416174411773682,10.416174411773682,,661.7849455180112,0.0,/home/rato/dev/ai/SAINT-G/runs/phase16_marco4n_b_ntk_hybrid_topk8_probe2k_24graft_seed42,3.0504149794578552,42,1,20000
0,silu,approved,0.0015499591827392578,blocks.4,10.415625810623169,5000,0.0005486011505126953,10.415625810623169,0.0006306789922714233,blocks.4|lr=3.00e-07|scale=1.00e-02|act=silu,blocks.4,19882756,8,0.0004644359485946267,603.4345098079939,10.430791854858398,0.0005486011505126953,2.7591806212010814e-05,0.00011036722484804326,9.091312173830663e-07,0.01,3e-07,True,4.103892087936401,,,8.207784175872804e-05,0.0,1,0.0,4970689,deep,10.416174411773682,10.416174411773682,,603.4345098079939,0.0,/home/rato/dev/ai/SAINT-G/runs/phase16_marco4n_b_ntk_hybrid_topk8_probe2k_24graft_seed42,4.103892087936401,42,1,20000
0,silu,approved,8.082389831542969e-05,blocks.3,10.414524793624878,5000,9.965896606445312e-05,10.414524793624878,0.0001406030371785164,blocks.2|lr=3.00e-07|scale=5.00e-03|act=silu,blocks.2,19882756,1,-4.223946196516961e-06,800.611613237008,10.42081594467163,9.965896606445312e-05,5.012331593490014e-06,2.0049326373960055e-05,1.2447854167580094e-07,0.005,3e-07,False,2.040867507457733,0.012672096490859985,-0.012672096490859985,4.0944071114063266e-05,0.0,3,0.0,4970689,deep,10.414624452590942,10.414624452590942,2.053539603948593,800.611613237008,0.0,/home/rato/dev/ai/SAINT-G/runs/phase16_marco4n_b_ntk_hybrid_topk8_probe2k_24graft_seed42,2.040867507457733,42,2,20000
0,silu,approved,8.082389831542969e-05,blocks.3,10.414546489715576,5000,7.796287536621094e-05,10.414546489715576,0.0001389055734872818,blocks.3|lr=3.00e-07|scale=5.00e-03|act=silu,blocks.3,19882756,2,-1.6869709414957656e-05,710.1083384389931,10.423677921295166,7.796287536621094e-05,3.9211302178737664e-06,1.5684520871495066e-05,1.0979011391077883e-07,0.005,3e-07,True,3.043854832649231,0.006560146808624268,-0.006560146808624268,6.094269812107087e-05,0.0,2,0.0,4970689,deep,10.414624452590942,10.414624452590942,3.0504149794578552,710.1083384389931,0.0,/home/rato/dev/ai/SAINT-G/runs/phase16_marco4n_b_ntk_hybrid_topk8_probe2k_24graft_seed42,3.043854832649231,42,2,20000
0,silu,approved,8.082389831542969e-05,blocks.3,10.414541006088257,5000,8.344650268554688e-05,10.414541006088257,0.00012439057379961014,blocks.2|lr=3.00e-07|scale=1.00e-02|act=silu,blocks.2,19882756,3,-2.0729992104322622e-05,803.5474385260022,10.42319941520691,8.344650268554688e-05,4.196928367754796e-06,1.6787713471019183e-05,1.038476369716492e-07,0.01,3e-07,False,2.040867507457733,0.012672096490859985,-0.012672096490859985,4.0944071114063266e-05,0.0,3,0.0,4970689,deep,10.414624452590942,10.414624452590942,2.053539603948593,803.5474385260022,0.0,/home/rato/dev/ai/SAINT-G/runs/phase16_marco4n_b_ntk_hybrid_topk8_probe2k_24graft_seed42,2.040867507457733,42,2,20000
0,silu,approved,8.082389831542969e-05,blocks.3,10.414546489715576,10000,7.796287536621094e-05,10.414546489715576,0.0001389055734872818,blocks.3|lr=1.00e-07|scale=1.00e-02|act=silu,blocks.3,19882756,4,-3.358642634675871e-05,877.2755077570037,10.41512417793274,7.796287536621094e-05,3.9211302178737664e-06,1.5684520871495066e-05,8.886931719494197e-08,0.01,1e-07,True,3.043854832649231,0.006560146808624268,-0.006560146808624268,6.094269812107087e-05,0.0,2,0.0,4970689,deep,10.414624452590942,10.414624452590942,3.0504149794578552,877.2755077570037,0.0,/home/rato/dev/ai/SAINT-G/runs/phase16_marco4n_b_ntk_hybrid_topk8_probe2k_24graft_seed42,3.043854832649231,42,2,25000
0,silu,approved,8.082389831542969e-05,blocks.3,10.414570569992065,5000,5.3882598876953125e-05,10.414570569992065,0.00011482529699802399,blocks.3|lr=3.00e-07|scale=1.00e-03|act=silu,blocks.3,19882756,5,-3.998779723521529e-05,700.4864517489914,10.420437097549438,5.3882598876953125e-05,2.710016603178811e-06,1.0840066412715243e-05,7.692168598324458e-08,0.001,3e-07,True,3.043854832649231,0.006560146808624268,-0.006560146808624268,6.094269812107087e-05,0.0,2,0.0,4970689,deep,10.414624452590942,10.414624452590942,3.0504149794578552,700.4864517489914,0.0,/home/rato/dev/ai/SAINT-G/runs/phase16_marco4n_b_ntk_hybrid_topk8_probe2k_24graft_seed42,3.043854832649231,42,2,20000
0,silu,approved,8.082389831542969e-05,blocks.3,10.41454553604126,15000,7.891654968261719e-05,10.41454553604126,0.00013985924780368804,blocks.3|lr=1.00e-07|scale=5.00e-03|act=silu,blocks.3,19882756,6,-5.296933239945301e-05,1080.6413114480092,10.414953470230103,7.891654968261719e-05,3.9690951135052494e-06,1.5876380454020998e-05,7.302751509367402e-08,0.005,1e-07,True,3.043854832649231,0.006560146808624268,-0.006560146808624268,6.094269812107087e-05,0.0,2,0.0,4970689,deep,10.414624452590942,10.414624452590942,3.0504149794578552,1080.6413114480092,0.0,/home/rato/dev/ai/SAINT-G/runs/phase16_marco4n_b_ntk_hybrid_topk8_probe2k_24graft_seed42,3.043854832649231,42,2,30000
0,silu,approved,8.082389831542969e-05,blocks.3,10.414613008499146,5000,1.1444091796875e-05,10.414613008499146,7.238678991794587e-05,blocks.3|lr=3.00e-07|scale=1.00e-02|act=silu,blocks.3,19882756,7,-8.140201960309441e-05,690.2436046270013,10.426120281219482,1.1444091796875e-05,5.755787475778006e-07,2.3023149903112024e-06,1.6579786788548715e-08,0.01,3e-07,True,3.043854832649231,0.006560146808624268,-0.006560146808624268,6.094269812107087e-05,0.0,2,0.0,4970689,deep,10.414624452590942,10.414624452590942,3.0504149794578552,690.2436046270013,0.0,/home/rato/dev/ai/SAINT-G/runs/phase16_marco4n_b_ntk_hybrid_topk8_probe2k_24graft_seed42,3.043854832649231,42,2,20000
0,silu,approved,8.082389831542969e-05,blocks.3,10.414543628692627,40000,8.082389831542969e-05,10.414543628692627,0.00014176659643650054,blocks.3|lr=3.00e-08|scale=1.00e-02|act=silu,blocks.3,19882756,8,-0.00012302038477833937,1800.225321564998,10.414559602737427,8.082389831542969e-05,4.065024904768216e-06,1.6260099619072865e-05,4.489654564194591e-08,0.01,3e-08,True,3.043854832649231,0.006560146808624268,-0.006560146808624268,6.094269812107087e-05,0.0,2,0.0,4970689,deep,10.414624452590942,10.414624452590942,3.0504149794578552,1800.225321564998,0.0,/home/rato/dev/ai/SAINT-G/runs/phase16_marco4n_b_ntk_hybrid_topk8_probe2k_24graft_seed42,3.043854832649231,42,2,50788
4,silu,approved,8.082389831542969e-05,blocks.3,10.414624452590942,0,0.0,10.414624452590942,-0.00022346154832839966,blocks.4|lr=3.00e-07|scale=1.00e-02|act=silu,blocks.4,19882756,9,-0.0005108855948566701,470.63843919400824,10.42392373085022,0.0,0.0,0.0,0.0,0.01,3e-07,False,4.112669467926025,0.008777379989624023,0.008777379989624023,1.6538451671600345e-05,0.0002,1,0.0002,4970689,deep,10.414624452590942,10.414624452590942,4.103892087936401,470.63843919400824,0.00024,/home/rato/dev/ai/SAINT-G/runs/phase16_marco4n_b_ntk_hybrid_topk8_probe2k_24graft_seed42,0.8225338935852051,42,2,15000
0,silu,approved,1.5020370483398438e-05,blocks.2,10.414543628692627,0,0.0,10.414543628692627,4.0775589942932127e-05,blocks.2|lr=3.00e-08|scale=1.00e-02|act=silu,blocks.2,19882756,1,-8.038697934697065e-05,565.6522840970138,10.414534091949463,0.0,0.0,0.0,0.0,0.01,3e-08,True,2.0366914868354797,0.004176020622253418,-0.004176020622253418,4.0775589942932127e-05,0.0,3,0.0,4970689,deep,10.414543628692627,10.414543628692627,2.040867507457733,565.6522840970138,0.0,/home/rato/dev/ai/SAINT-G/runs/phase16_marco4n_b_ntk_hybrid_topk8_probe2k_24graft_seed42,2.0366914868354797,42,3,15000
0,silu,approved,1.5020370483398438e-05,blocks.2,10.414543628692627,0,0.0,10.414543628692627,4.0775589942932127e-05,blocks.2|lr=3.00e-08|scale=5.00e-03|act=silu,blocks.2,19882756,2,-8.043551539756973e-05,566.1376446030044,10.414537906646729,0.0,0.0,0.0,0.0,0.005,3e-08,True,2.0366914868354797,0.004176020622253418,-0.004176020622253418,4.0775589942932127e-05,0.0,3,0.0,4970689,deep,10.414543628692627,10.414543628692627,2.040867507457733,566.1376446030044,0.0,/home/rato/dev/ai/SAINT-G/runs/phase16_marco4n_b_ntk_hybrid_topk8_probe2k_24graft_seed42,2.0366914868354797,42,3,15000
0,silu,approved,1.5020370483398438e-05,blocks.2,10.414543628692627,0,0.0,10.414543628692627,4.0775589942932127e-05,blocks.2|lr=3.00e-07|scale=5.00e-03|act=silu,blocks.2,19882756,3,-8.212760305366918e-05,583.0585211639991,10.41750192642212,0.0,0.0,0.0,0.0,0.005,3e-07,True,2.0366914868354797,0.004176020622253418,-0.004176020622253418,4.0775589942932127e-05,0.0,3,0.0,4970689,deep,10.414543628692627,10.414543628692627,2.040867507457733,583.0585211639991,0.0,/home/rato/dev/ai/SAINT-G/runs/phase16_marco4n_b_ntk_hybrid_topk8_probe2k_24graft_seed42,2.0366914868354797,42,3,15000
0,silu,approved,1.5020370483398438e-05,blocks.2,10.414543628692627,0,0.0,10.414543628692627,4.0775589942932127e-05,blocks.2|lr=3.00e-07|scale=1.00e-02|act=silu,blocks.2,19882756,4,-8.317044983876786e-05,593.4869890149857,10.419367551803589,0.0,0.0,0.0,0.0,0.01,3e-07,True,2.0366914868354797,0.004176020622253418,-0.004176020622253418,4.0775589942932127e-05,0.0,3,0.0,4970689,deep,10.414543628692627,10.414543628692627,2.040867507457733,593.4869890149857,0.0,/home/rato/dev/ai/SAINT-G/runs/phase16_marco4n_b_ntk_hybrid_topk8_probe2k_24graft_seed42,2.0366914868354797,42,3,15000
0,silu,approved,1.5020370483398438e-05,blocks.2,10.414528608322144,5000,1.5020370483398438e-05,10.414528608322144,5.5795960426330564e-05,blocks.2|lr=3.00e-07|scale=1.00e-03|act=silu,blocks.2,19882756,5,-8.593379725567156e-05,771.3241680180072,10.418636083602905,1.5020370483398438e-05,7.554471061958632e-07,3.021788424783453e-06,1.9473486124510718e-08,0.001,3e-07,True,2.0366914868354797,0.004176020622253418,-0.004176020622253418,4.0775589942932127e-05,0.0,3,0.0,4970689,deep,10.414543628692627,10.414543628692627,2.040867507457733,771.3241680180072,0.0,/home/rato/dev/ai/SAINT-G/runs/phase16_marco4n_b_ntk_hybrid_topk8_probe2k_24graft_seed42,2.0366914868354797,42,3,20000
0,silu,approved,1.5020370483398438e-05,blocks.2,10.414533615112305,5000,1.0013580322265625e-05,10.414533615112305,5.078917026519775e-05,blocks.2|lr=1.00e-07|scale=1.00e-02|act=silu,blocks.2,19882756,6,-9.032953629050553e-05,765.2136567550187,10.414768934249878,1.0013580322265625e-05,5.036314041305755e-07,2.014525616522302e-06,1.3085992694810788e-08,0.01,1e-07,True,2.0366914868354797,0.004176020622253418,-0.004176020622253418,4.0775589942932127e-05,0.0,3,0.0,4970689,deep,10.414543628692627,10.414543628692627,2.040867507457733,765.2136567550187,0.0,/home/rato/dev/ai/SAINT-G/runs/phase16_marco4n_b_ntk_hybrid_topk8_probe2k_24graft_seed42,2.0366914868354797,42,3,20000
0,silu,approved,1.5020370483398438e-05,blocks.2,10.41453218460083,10000,1.1444091796875e-05,10.41453218460083,5.2219681739807127e-05,blocks.2|lr=1.00e-07|scale=5.00e-03|act=silu,blocks.2,19882756,7,-0.00010629323512439532,939.1557598400104,10.414716482162476,1.1444091796875e-05,5.755787475778006e-07,2.3023149903112024e-06,1.2185509886905825e-08,0.005,1e-07,True,2.0366914868354797,0.004176020622253418,-0.004176020622253418,4.0775589942932127e-05,0.0,3,0.0,4970689,deep,10.414543628692627,10.414543628692627,2.040867507457733,939.1557598400104,0.0,/home/rato/dev/ai/SAINT-G/runs/phase16_marco4n_b_ntk_hybrid_topk8_probe2k_24graft_seed42,2.0366914868354797,42,3,25000
0,silu,approved,1.5020370483398438e-05,blocks.2,10.414530992507935,15000,1.2636184692382812e-05,10.414530992507935,5.341177463531494e-05,blocks.2|lr=1.00e-07|scale=1.00e-03|act=silu,blocks.2,19882756,8,-0.00012716161908188752,1159.7605283700104,10.414592027664185,1.2636184692382812e-05,6.355348671171548e-07,2.542139468468619e-06,1.0895511946886469e-08,0.001,1e-07,True,2.0366914868354797,0.004176020622253418,-0.004176020622253418,4.0775589942932127e-05,0.0,3,0.0,4970689,deep,10.414543628692627,10.414543628692627,2.040867507457733,1159.7605283700104,0.0,/home/rato/dev/ai/SAINT-G/runs/phase16_marco4n_b_ntk_hybrid_topk8_probe2k_24graft_seed42,2.0366914868354797,42,3,30000
1,silu,approved,1.5020370483398438e-05,blocks.2,10.414543628692627,0,0.0,10.414543628692627,-2.95310640335083e-05,blocks.3|lr=3.00e-08|scale=1.00e-02|act=silu,blocks.3,19882756,9,-0.00018382661949846752,500.04868561198236,10.414546012878418,0.0,0.0,0.0,0.0,0.01,3e-08,False,3.0453742146492004,0.0015193819999694824,0.0015193819999694824,3.0468935966491703e-05,5e-05,2,5e-05,4970689,deep,10.414543628692627,10.414543628692627,3.043854832649231,500.04868561198236,6e-05,/home/rato/dev/ai/SAINT-G/runs/phase16_marco4n_b_ntk_hybrid_topk8_probe2k_24graft_seed42,1.5226871073246002,42,3,15000
4,silu,approved,1.5020370483398438e-05,blocks.2,10.414543628692627,0,0.0,10.414543628692627,-0.00022343779420852663,blocks.4|lr=3.00e-08|scale=1.00e-03|act=silu,blocks.4,19882756,10,-0.0005106349848607681,468.13233923498774,10.414544343948364,0.0,0.0,0.0,0.0,0.001,3e-08,False,4.120635747909546,0.007966279983520508,0.007966279983520508,1.656220579147339e-05,0.0002,1,0.0002,4970689,deep,10.414543628692627,10.414543628692627,4.112669467926025,468.13233923498774,0.00024,/home/rato/dev/ai/SAINT-G/runs/phase16_marco4n_b_ntk_hybrid_topk8_probe2k_24graft_seed42,0.8241271495819091,42,3,15000
1,silu,rejected,0.0,blocks.3,10.414528608322144,0,0.0,10.414528608322144,-2.953839600086212e-05,blocks.3|lr=3.00e-08|scale=1.00e-03|act=silu,blocks.3,19882756,1,-0.00018410231116687157,502.8056022960227,10.414529800415039,0.0,0.0,0.0,0.0,0.001,3e-08,True,3.045767307281494,0.00039309263229370117,0.00039309263229370117,3.046160399913788e-05,5e-05,2,5e-05,4970689,deep,10.414528608322144,10.414528608322144,3.0453742146492004,502.8056022960227,6e-05,/home/rato/dev/ai/SAINT-G/runs/phase16_marco4n_b_ntk_hybrid_topk8_probe2k_24graft_seed42,1.522883653640747,42,4,15000
1,silu,rejected,0.0,blocks.3,10.414528608322144,0,0.0,10.414528608322144,-3.96330851316452e-05,blocks.2|lr=3.00e-08|scale=5.00e-03|act=silu,blocks.2,19882756,2,-0.0001888738607331683,550.5210979589901,10.414527416229248,0.0,0.0,0.0,0.0,0.005,3e-08,False,2.025771915912628,0.010919570922851562,-0.010919570922851562,2.0366914868354797e-05,5e-05,3,5e-05,4970689,deep,10.414528608322144,10.414528608322144,2.0366914868354797,550.5210979589901,6e-05,/home/rato/dev/ai/SAINT-G/runs/phase16_marco4n_b_ntk_hybrid_topk8_probe2k_24graft_seed42,1.012885957956314,42,4,15000
1,silu,rejected,0.0,blocks.3,10.414528608322144,0,0.0,10.414528608322144,-3.96330851316452e-05,blocks.2|lr=1.00e-07|scale=1.00e-02|act=silu,blocks.2,19882756,3,-0.00018944938486126868,556.2763392399938,10.414644956588745,0.0,0.0,0.0,0.0,0.01,1e-07,False,2.025771915912628,0.010919570922851562,-0.010919570922851562,2.0366914868354797e-05,5e-05,3,5e-05,4970689,deep,10.414528608322144,10.414528608322144,2.0366914868354797,556.2763392399938,6e-05,/home/rato/dev/ai/SAINT-G/runs/phase16_marco4n_b_ntk_hybrid_topk8_probe2k_24graft_seed42,1.012885957956314,42,4,15000
1,silu,rejected,0.0,blocks.3,10.414528608322144,0,0.0,10.414528608322144,-3.96330851316452e-05,blocks.2|lr=3.00e-07|scale=5.00e-03|act=silu,blocks.2,19882756,4,-0.00018955271023096958,557.3095929370029,10.417677640914917,0.0,0.0,0.0,0.0,0.005,3e-07,False,2.025771915912628,0.010919570922851562,-0.010919570922851562,2.0366914868354797e-05,5e-05,3,5e-05,4970689,deep,10.414528608322144,10.414528608322144,2.0366914868354797,557.3095929370029,6e-05,/home/rato/dev/ai/SAINT-G/runs/phase16_marco4n_b_ntk_hybrid_topk8_probe2k_24graft_seed42,1.012885957956314,42,4,15000
1,silu,rejected,0.0,blocks.3,10.414528608322144,0,0.0,10.414528608322144,-3.96330851316452e-05,blocks.2|lr=1.00e-07|scale=1.00e-03|act=silu,blocks.2,19882756,5,-0.00019027582557296937,564.5407463570009,10.414527416229248,0.0,0.0,0.0,0.0,0.001,1e-07,False,2.025771915912628,0.010919570922851562,-0.010919570922851562,2.0366914868354797e-05,5e-05,3,5e-05,4970689,deep,10.414528608322144,10.414528608322144,2.0366914868354797,564.5407463570009,6e-05,/home/rato/dev/ai/SAINT-G/runs/phase16_marco4n_b_ntk_hybrid_topk8_probe2k_24graft_seed42,1.012885957956314,42,4,15000
1,silu,rejected,0.0,blocks.3,10.414528608322144,0,0.0,10.414528608322144,-3.96330851316452e-05,blocks.2|lr=1.00e-07|scale=5.00e-03|act=silu,blocks.2,19882756,6,-0.00019103021476996748,572.0846383269818,10.414560079574585,0.0,0.0,0.0,0.0,0.005,1e-07,False,2.025771915912628,0.010919570922851562,-0.010919570922851562,2.0366914868354797e-05,5e-05,3,5e-05,4970689,deep,10.414528608322144,10.414528608322144,2.0366914868354797,572.0846383269818,6e-05,/home/rato/dev/ai/SAINT-G/runs/phase16_marco4n_b_ntk_hybrid_topk8_probe2k_24graft_seed42,1.012885957956314,42,4,15000
1,silu,rejected,0.0,blocks.3,10.414528608322144,0,0.0,10.414528608322144,-3.96330851316452e-05,blocks.2|lr=3.00e-07|scale=1.00e-03|act=silu,blocks.2,19882756,7,-0.0001911440646681682,573.223137308989,10.415974855422974,0.0,0.0,0.0,0.0,0.001,3e-07,False,2.025771915912628,0.010919570922851562,-0.010919570922851562,2.0366914868354797e-05,5e-05,3,5e-05,4970689,deep,10.414528608322144,10.414528608322144,2.0366914868354797,573.223137308989,6e-05,/home/rato/dev/ai/SAINT-G/runs/phase16_marco4n_b_ntk_hybrid_topk8_probe2k_24graft_seed42,1.012885957956314,42,4,15000
1,silu,rejected,0.0,blocks.3,10.414528608322144,0,0.0,10.414528608322144,-3.96330851316452e-05,blocks.2|lr=3.00e-08|scale=1.00e-03|act=silu,blocks.2,19882756,8,-0.00019257264276206936,587.5089182480006,10.414527893066406,0.0,0.0,0.0,0.0,0.001,3e-08,False,2.025771915912628,0.010919570922851562,-0.010919570922851562,2.0366914868354797e-05,5e-05,3,5e-05,4970689,deep,10.414528608322144,10.414528608322144,2.0366914868354797,587.5089182480006,6e-05,/home/rato/dev/ai/SAINT-G/runs/phase16_marco4n_b_ntk_hybrid_topk8_probe2k_24graft_seed42,1.012885957956314,42,4,15000
4,silu,rejected,0.0,blocks.3,10.414528608322144,0,0.0,10.414528608322144,-0.00022346981596946716,blocks.4|lr=1.00e-07|scale=1.00e-03|act=silu,blocks.4,19882756,9,-0.0005086489536567688,448.27202719499473,10.414563179016113,0.0,0.0,0.0,0.0,0.001,1e-07,False,4.112695574760437,0.007940173149108887,-0.007940173149108887,1.6530184030532837e-05,0.0002,1,0.0002,4970689,deep,10.414528608322144,10.414528608322144,4.120635747909546,448.27202719499473,0.00024,/home/rato/dev/ai/SAINT-G/runs/phase16_marco4n_b_ntk_hybrid_topk8_probe2k_24graft_seed42,0.8225391149520874,42,4,15000
0,silu,approved,0.0005276203155517578,blocks.4,10.386313915252686,10000,0.0005276203155517578,10.386313915252686,0.0006097833323478698,blocks.4|lr=1.00e-07|scale=1.00e-02|act=silu,blocks.4,19882756,1,0.00042468366095358714,791.1490366090147,10.393480777740479,0.0005276203155517578,2.653657850811818e-05,0.00010614631403247272,6.669038210717147e-07,0.01,1e-07,True,4.108150839805603,,,8.216301679611207e-05,0.0,1,0.0,4970689,deep,10.386841535568237,10.386841535568237,,791.1490366090147,0.0,/home/rato/dev/ai/SAINT-G/runs/phase16_marco4n_b_ntk_hybrid_topk8_probe2k_24graft_seed7,4.108150839805603,7,1,25000
0,silu,approved,0.0005276203155517578,blocks.4,10.386356830596924,5000,0.00048470497131347656,10.386356830596924,0.0005668679881095886,blocks.4|lr=3.00e-07|scale=1.00e-03|act=silu,blocks.4,19882756,2,0.00039876980828710857,621.1341208909871,10.399363994598389,0.00048470497131347656,2.4378158204701427e-05,9.751263281880571e-05,7.803547655990795e-07,0.001,3e-07,True,4.108150839805603,,,8.216301679611207e-05,0.0,1,0.0,4970689,deep,10.386841535568237,10.386841535568237,,621.1341208909871,0.0,/home/rato/dev/ai/SAINT-G/runs/phase16_marco4n_b_ntk_hybrid_topk8_probe2k_24graft_seed7,4.108150839805603,7,1,20000
0,silu,approved,0.0005276203155517578,blocks.4,10.386442184448242,5000,0.0003993511199951172,10.386442184448242,0.00043989103078842165,blocks.2|lr=3.00e-07|scale=5.00e-03|act=silu,blocks.2,19882756,3,0.0002991388881917481,763.9048086609982,10.397461414337158,0.0003993511199951172,2.0085300045683667e-05,8.034120018273467e-05,5.227760258442609e-07,0.005,3e-07,False,2.026995539665222,,,4.053991079330445e-05,0.0,3,0.0,4970689,deep,10.386841535568237,10.386841535568237,,763.9048086609982,0.0,/home/rato/dev/ai/SAINT-G/runs/phase16_marco4n_b_ntk_hybrid_topk8_probe2k_24graft_seed7,2.026995539665222,7,1,20000
0,silu,approved,0.0005276203155517578,blocks.4,10.386533737182617,5000,0.0003077983856201172,10.386533737182617,0.0003899614024162293,blocks.4|lr=3.00e-07|scale=5.00e-03|act=silu,blocks.4,19882756,4,0.00022157152624674984,624.0510843609809,10.39923095703125,0.0003077983856201172,1.548067006506126e-05,6.192268026024505e-05,4.932262651787524e-07,0.005,3e-07,True,4.108150839805603,,,8.216301679611207e-05,0.0,1,0.0,4970689,deep,10.386841535568237,10.386841535568237,,624.0510843609809,0.0,/home/rato/dev/ai/SAINT-G/runs/phase16_marco4n_b_ntk_hybrid_topk8_probe2k_24graft_seed7,4.108150839805603,7,1,20000
0,silu,approved,0.0005276203155517578,blocks.4,10.386681079864502,5000,0.00016045570373535156,10.386681079864502,0.0002216420900821686,blocks.3|lr=3.00e-07|scale=5.00e-03|act=silu,blocks.3,19882756,5,6.595812913038154e-05,706.7582366770075,10.398814916610718,0.00016045570373535156,8.07009368999708e-06,3.228037475998832e-05,2.2703053945260312e-07,0.005,3e-07,False,3.059319317340851,,,6.118638634681703e-05,0.0,2,0.0,4970689,deep,10.386841535568237,10.386841535568237,,706.7582366770075,0.0,/home/rato/dev/ai/SAINT-G/runs/phase16_marco4n_b_ntk_hybrid_topk8_probe2k_24graft_seed7,3.059319317340851,7,1,20000
0,silu,approved,0.0005276203155517578,blocks.4,10.386734008789062,5000,0.00010752677917480469,10.386734008789062,0.00014806668996810915,blocks.2|lr=3.00e-07|scale=1.00e-02|act=silu,blocks.2,19882756,6,7.345085225535686e-06,763.5994301199971,10.397919416427612,0.00010752677917480469,5.408041982449751e-06,2.1632167929799006e-05,1.408156880864974e-07,0.01,3e-07,False,2.026995539665222,,,4.053991079330445e-05,0.0,3,0.0,4970689,deep,10.386841535568237,10.386841535568237,,763.5994301199971,0.0,/home/rato/dev/ai/SAINT-G/runs/phase16_marco4n_b_ntk_hybrid_topk8_probe2k_24graft_seed7,2.026995539665222,7,1,20000
0,silu,approved,0.0005276203155517578,blocks.4,10.386841535568237,0,0.0,10.386841535568237,8.216301679611207e-05,blocks.4|lr=3.00e-07|scale=1.00e-02|act=silu,blocks.4,19882756,7,-7.03320287606688e-05,465.1027782339952,10.39916706085205,0.0,0.0,0.0,0.0,0.01,3e-07,True,4.108150839805603,,,8.216301679611207e-05,0.0,1,0.0,4970689,deep,10.386841535568237,10.386841535568237,,465.1027782339952,0.0,/home/rato/dev/ai/SAINT-G/runs/phase16_marco4n_b_ntk_hybrid_topk8_probe2k_24graft_seed7,4.108150839805603,7,1,15000
0,silu,approved,0.0005276203155517578,blocks.4,10.386841535568237,0,0.0,10.386841535568237,6.118638634681703e-05,blocks.3|lr=3.00e-07|scale=1.00e-02|act=silu,blocks.3,19882756,8,-7.616016785496994e-05,523.3841691770067,10.398507833480835,0.0,0.0,0.0,0.0,0.01,3e-07,False,3.059319317340851,,,6.118638634681703e-05,0.0,2,0.0,4970689,deep,10.386841535568237,10.386841535568237,,523.3841691770067,0.0,/home/rato/dev/ai/SAINT-G/runs/phase16_marco4n_b_ntk_hybrid_topk8_probe2k_24graft_seed7,3.059319317340851,7,1,15000
0,silu,rejected,0.0,blocks.3,10.386313915252686,0,0.0,10.386313915252686,6.1010158658027654e-05,blocks.3|lr=1.00e-07|scale=1.00e-02|act=silu,blocks.3,19882756,1,-7.283573552637336e-05,490.13984589104075,10.38673186302185,0.0,0.0,0.0,0.0,0.01,1e-07,True,3.041696548461914,0.017622768878936768,-0.017622768878936768,6.1010158658027654e-05,0.0,2,0.0,4970689,deep,10.386313915252686,10.386313915252686,3.059319317340851,490.13984589104075,0.0,/home/rato/dev/ai/SAINT-G/runs/phase16_marco4n_b_ntk_hybrid_topk8_probe2k_24graft_seed7,3.041696548461914,7,2,15000
0,silu,rejected,0.0,blocks.3,10.386313915252686,0,0.0,10.386313915252686,6.1010158658027654e-05,blocks.3|lr=3.00e-08|scale=1.00e-02|act=silu,blocks.3,19882756,2,-7.31739507092696e-05,493.5219977200031,10.38635802268982,0.0,0.0,0.0,0.0,0.01,3e-08,True,3.041696548461914,0.017622768878936768,-0.017622768878936768,6.1010158658027654e-05,0.0,2,0.0,4970689,deep,10.386313915252686,10.386313915252686,3.059319317340851,493.5219977200031,0.0,/home/rato/dev/ai/SAINT-G/runs/phase16_marco4n_b_ntk_hybrid_topk8_probe2k_24graft_seed7,3.041696548461914,7,2,15000
0,silu,rejected,0.0,blocks.3,10.386313915252686,0,0.0,10.386313915252686,6.1010158658027654e-05,blocks.3|lr=1.00e-07|scale=5.00e-03|act=silu,blocks.3,19882756,3,-7.318371244807004e-05,493.61961510800757,10.386518955230713,0.0,0.0,0.0,0.0,0.005,1e-07,True,3.041696548461914,0.017622768878936768,-0.017622768878936768,6.1010158658027654e-05,0.0,2,0.0,4970689,deep,10.386313915252686,10.386313915252686,3.059319317340851,493.61961510800757,0.0,/home/rato/dev/ai/SAINT-G/runs/phase16_marco4n_b_ntk_hybrid_topk8_probe2k_24graft_seed7,3.041696548461914,7,2,15000
0,silu,rejected,0.0,blocks.3,10.386313915252686,0,0.0,10.386313915252686,6.1010158658027654e-05,blocks.3|lr=3.00e-08|scale=5.00e-03|act=silu,blocks.3,19882756,4,-7.411456334207124e-05,502.9281240480195,10.38633418083191,0.0,0.0,0.0,0.0,0.005,3e-08,True,3.041696548461914,0.017622768878936768,-0.017622768878936768,6.1010158658027654e-05,0.0,2,0.0,4970689,deep,10.386313915252686,10.386313915252686,3.059319317340851,502.9281240480195,0.0,/home/rato/dev/ai/SAINT-G/runs/phase16_marco4n_b_ntk_hybrid_topk8_probe2k_24graft_seed7,3.041696548461914,7,2,15000
0,silu,rejected,0.0,blocks.3,10.386313915252686,0,0.0,10.386313915252686,6.1010158658027654e-05,blocks.3|lr=3.00e-07|scale=1.00e-03|act=silu,blocks.3,19882756,5,-7.449071322197069e-05,506.6896228470141,10.388800621032715,0.0,0.0,0.0,0.0,0.001,3e-07,True,3.041696548461914,0.017622768878936768,-0.017622768878936768,6.1010158658027654e-05,0.0,2,0.0,4970689,deep,10.386313915252686,10.386313915252686,3.059319317340851,506.6896228470141,0.0,/home/rato/dev/ai/SAINT-G/runs/phase16_marco4n_b_ntk_hybrid_topk8_probe2k_24graft_seed7,3.041696548461914,7,2,15000
0,silu,rejected,0.0,blocks.3,10.386313915252686,0,0.0,10.386313915252686,6.1010158658027654e-05,blocks.3|lr=1.00e-07|scale=1.00e-03|act=silu,blocks.3,19882756,6,-7.460585582786971e-05,507.8410489060043,10.386371374130249,0.0,0.0,0.0,0.0,0.001,1e-07,True,3.041696548461914,0.017622768878936768,-0.017622768878936768,6.1010158658027654e-05,0.0,2,0.0,4970689,deep,10.386313915252686,10.386313915252686,3.059319317340851,507.8410489060043,0.0,/home/rato/dev/ai/SAINT-G/runs/phase16_marco4n_b_ntk_hybrid_topk8_probe2k_24graft_seed7,3.041696548461914,7,2,15000
0,silu,rejected,0.0,blocks.3,10.386313915252686,0,0.0,10.386313915252686,6.1010158658027654e-05,blocks.3|lr=3.00e-08|scale=1.00e-03|act=silu,blocks.3,19882756,7,-7.545407777066957e-05,516.3232683340029,10.386317729949951,0.0,0.0,0.0,0.0,0.001,3e-08,True,3.041696548461914,0.017622768878936768,-0.017622768878936768,6.1010158658027654e-05,0.0,2,0.0,4970689,deep,10.386313915252686,10.386313915252686,3.059319317340851,516.3232683340029,0.0,/home/rato/dev/ai/SAINT-G/runs/phase16_marco4n_b_ntk_hybrid_topk8_probe2k_24graft_seed7,3.041696548461914,7,2,15000
0,silu,rejected,0.0,blocks.3,10.386313915252686,0,0.0,10.386313915252686,4.052560269832611e-05,blocks.2|lr=3.00e-08|scale=5.00e-03|act=silu,blocks.2,19882756,8,-7.704262975626717e-05,532.2087881899788,10.386317253112793,0.0,0.0,0.0,0.0,0.005,3e-08,False,2.025564730167389,0.001430809497833252,-0.001430809497833252,4.052560269832611e-05,0.0,3,0.0,4970689,deep,10.386313915252686,10.386313915252686,2.026995539665222,532.2087881899788,0.0,/home/rato/dev/ai/SAINT-G/runs/phase16_marco4n_b_ntk_hybrid_topk8_probe2k_24graft_seed7,2.025564730167389,7,2,15000
4,silu,rejected,0.0,blocks.3,10.386313915252686,0,0.0,10.386313915252686,-0.00022338297653198242,blocks.4|lr=3.00e-08|scale=1.00e-03|act=silu,blocks.4,19882756,9,-0.0005083527762362743,445.3102529900498,10.386316299438477,0.0,0.0,0.0,0.0,0.001,3e-08,False,4.1213237047195435,0.01317286491394043,0.01317286491394043,1.661702346801758e-05,0.0002,1,0.0002,4970689,deep,10.386313915252686,10.386313915252686,4.108150839805603,445.3102529900498,0.00024,/home/rato/dev/ai/SAINT-G/runs/phase16_marco4n_b_ntk_hybrid_topk8_probe2k_24graft_seed7,0.8242647409439087,7,2,15000
0,silu,approved,0.001653909683227539,blocks.3,10.415361166000366,5000,0.001653909683227539,10.415361166000366,0.00171547771692276,blocks.3|lr=3.00e-07|scale=1.00e-02|act=silu,blocks.3,19882756,1,0.0015627646845222676,673.2324776800233,10.424797296524048,0.001653909683227539,8.318312024890005e-05,0.0003327324809956002,2.4566694835147513e-06,0.01,3e-07,True,3.0784016847610474,,,6.156803369522095e-05,0.0,2,0.0,4970689,deep,10.417015075683594,10.417015075683594,,673.2324776800233,0.0,/home/rato/dev/ai/SAINT-G/runs/phase16_marco4n_b_ntk_hybrid_topk8_probe2k_24graft_seed123,3.0784016847610474,123,1,20000
0,silu,approved,0.001653909683227539,blocks.3,10.415364265441895,15000,0.0016508102416992188,10.415364265441895,0.0017123782753944398,blocks.3|lr=1.00e-07|scale=1.00e-02|act=silu,blocks.3,19882756,2,0.00152475327356705,1022.3521719489945,10.41971755027771,0.0016508102416992188,8.302723433809773e-05,0.0003321089373523909,1.6147177919641357e-06,0.01,1e-07,True,3.0784016847610474,,,6.156803369522095e-05,0.0,2,0.0,4970689,deep,10.417015075683594,10.417015075683594,,1022.3521719489945,0.0,/home/rato/dev/ai/SAINT-G/runs/phase16_marco4n_b_ntk_hybrid_topk8_probe2k_24graft_seed123,3.0784016847610474,123,1,30000
0,silu,approved,0.001653909683227539,blocks.3,10.415428400039673,5000,0.0015866756439208984,10.415428400039673,0.0016695758628845214,blocks.4|lr=3.00e-07|scale=5.00e-03|act=silu,blocks.4,19882756,3,0.0015016543324613296,611.9956052229973,10.4253249168396,0.0015866756439208984,7.980159510688047e-05,0.0003192063804275219,2.5926258789762877e-06,0.005,3e-07,False,4.145010948181152,,,8.290021896362305e-05,0.0,1,0.0,4970689,deep,10.417015075683594,10.417015075683594,,611.9956052229973,0.0,/home/rato/dev/ai/SAINT-G/runs/phase16_marco4n_b_ntk_hybrid_topk8_probe2k_24graft_seed123,4.145010948181152,123,1,20000
0,silu,approved,0.001653909683227539,blocks.3,10.415428876876831,5000,0.0015861988067626953,10.415428876876831,0.0016477668404579163,blocks.3|lr=3.00e-07|scale=5.00e-03|act=silu,blocks.3,19882756,4,0.0014955926426716256,667.8441315380041,10.42482614517212,0.0015861988067626953,7.977761265906473e-05,0.00031911045063625894,2.375103309075692e-06,0.005,3e-07,True,3.0784016847610474,,,6.156803369522095e-05,0.0,2,0.0,4970689,deep,10.417015075683594,10.417015075683594,,667.8441315380041,0.0,/home/rato/dev/ai/SAINT-G/runs/phase16_marco4n_b_ntk_hybrid_topk8_probe2k_24graft_seed123,3.0784016847610474,123,1,20000
0,silu,approved,0.001653909683227539,blocks.3,10.41549301147461,10000,0.001522064208984375,10.41549301147461,0.001604964427947998,blocks.4|lr=1.00e-07|scale=1.00e-02|act=silu,blocks.4,19882756,5,0.0014221138309001042,761.2862714700168,10.419722557067871,0.001522064208984375,7.655197342784748e-05,0.0003062078937113899,1.999332269640595e-06,0.01,1e-07,False,4.145010948181152,,,8.290021896362305e-05,0.0,1,0.0,4970689,deep,10.417015075683594,10.417015075683594,,761.2862714700168,0.0,/home/rato/dev/ai/SAINT-G/runs/phase16_marco4n_b_ntk_hybrid_topk8_probe2k_24graft_seed123,4.145010948181152,123,1,25000
0,silu,approved,0.001653909683227539,blocks.3,10.415841102600098,5000,0.0011739730834960938,10.415841102600098,0.0012568733024597167,blocks.4|lr=3.00e-07|scale=1.00e-03|act=silu,blocks.4,19882756,6,0.0010884472947593246,617.0403779949993,10.425710201263428,0.0011739730834960938,5.904478652235604e-05,0.00023617914608942416,1.9025871326456501e-06,0.001,3e-07,False,4.145010948181152,,,8.290021896362305e-05,0.0,1,0.0,4970689,deep,10.417015075683594,10.417015075683594,,617.0403779949993,0.0,/home/rato/dev/ai/SAINT-G/runs/phase16_marco4n_b_ntk_hybrid_topk8_probe2k_24graft_seed123,4.145010948181152,123,1,20000
0,silu,approved,0.001653909683227539,blocks.3,10.41599988937378,5000,0.0010151863098144531,10.41599988937378,0.001098086528778076,blocks.4|lr=3.00e-07|scale=1.00e-02|act=silu,blocks.4,19882756,7,0.0009310969527881875,602.676060889964,10.425036668777466,0.0010151863098144531,5.105863139971406e-05,0.00020423452559885624,1.68446430129536e-06,0.01,3e-07,False,4.145010948181152,,,8.290021896362305e-05,0.0,1,0.0,4970689,deep,10.417015075683594,10.417015075683594,,602.676060889964,0.0,/home/rato/dev/ai/SAINT-G/runs/phase16_marco4n_b_ntk_hybrid_topk8_probe2k_24graft_seed123,4.145010948181152,123,1,20000
0,silu,approved,0.001653909683227539,blocks.3,10.416602373123169,5000,0.0004127025604248047,10.416602373123169,0.00045354966163635256,blocks.2|lr=3.00e-07|scale=1.00e-02|act=silu,blocks.2,19882756,8,0.00031550376736673555,733.7704212079989,10.42407751083374,0.0004127025604248047,2.0756808584524433e-05,8.302723433809773e-05,5.624409876666555e-07,0.01,3e-07,False,2.0423550605773926,,,4.0847101211547854e-05,0.0,3,0.0,4970689,deep,10.417015075683594,10.417015075683594,,733.7704212079989,0.0,/home/rato/dev/ai/SAINT-G/runs/phase16_marco4n_b_ntk_hybrid_topk8_probe2k_24graft_seed123,2.0423550605773926,123,1,20000
0,silu,rejected,0.0,blocks.4,10.415361166000366,0,0.0,10.415361166000366,8.45460331439972e-05,blocks.4|lr=3.00e-08|scale=5.00e-03|act=silu,blocks.4,19882756,1,-6.661072720596657e-05,427.889762686973,10.415363073348999,0.0,0.0,0.0,0.0,0.005,3e-08,True,4.1998714208602905,0.054860472679138184,0.054860472679138184,8.45460331439972e-05,0.0,1,0.0,4970689,deep,10.415361166000366,10.415361166000366,4.145010948181152,427.889762686973,0.0,/home/rato/dev/ai/SAINT-G/runs/phase16_marco4n_b_ntk_hybrid_topk8_probe2k_24graft_seed123,4.1998714208602905,123,2,15000
0,silu,rejected,0.0,blocks.4,10.415361166000366,0,0.0,10.415361166000366,8.45460331439972e-05,blocks.4|lr=3.00e-08|scale=1.00e-02|act=silu,blocks.4,19882756,2,-6.718952252756662e-05,433.67771590297343,10.415368556976318,0.0,0.0,0.0,0.0,0.01,3e-08,True,4.1998714208602905,0.054860472679138184,0.054860472679138184,8.45460331439972e-05,0.0,1,0.0,4970689,deep,10.415361166000366,10.415361166000366,4.145010948181152,433.67771590297343,0.0,/home/rato/dev/ai/SAINT-G/runs/phase16_marco4n_b_ntk_hybrid_topk8_probe2k_24graft_seed123,4.1998714208602905,123,2,15000
0,silu,rejected,0.0,blocks.4,10.415361166000366,0,0.0,10.415361166000366,8.45460331439972e-05,blocks.4|lr=1.00e-07|scale=5.00e-03|act=silu,blocks.4,19882756,3,-6.731692645567328e-05,434.95175518403994,10.415462493896484,0.0,0.0,0.0,0.0,0.005,1e-07,True,4.1998714208602905,0.054860472679138184,0.054860472679138184,8.45460331439972e-05,0.0,1,0.0,4970689,deep,10.415361166000366,10.415361166000366,4.145010948181152,434.95175518403994,0.0,/home/rato/dev/ai/SAINT-G/runs/phase16_marco4n_b_ntk_hybrid_topk8_probe2k_24graft_seed123,4.1998714208602905,123,2,15000
0,silu,rejected,0.0,blocks.4,10.415361166000366,0,0.0,10.415361166000366,8.45460331439972e-05,blocks.4|lr=3.00e-08|scale=1.00e-03|act=silu,blocks.4,19882756,4,-6.759120863416556e-05,437.6945769689628,10.415361881256104,0.0,0.0,0.0,0.0,0.001,3e-08,True,4.1998714208602905,0.054860472679138184,0.054860472679138184,8.45460331439972e-05,0.0,1,0.0,4970689,deep,10.415361166000366,10.415361166000366,4.145010948181152,437.6945769689628,0.0,/home/rato/dev/ai/SAINT-G/runs/phase16_marco4n_b_ntk_hybrid_topk8_probe2k_24graft_seed123,4.1998714208602905,123,2,15000
0,silu,rejected,0.0,blocks.4,10.415361166000366,0,0.0,10.415361166000366,8.45460331439972e-05,blocks.4|lr=1.00e-07|scale=1.00e-02|act=silu,blocks.4,19882756,5,-6.821036271347057e-05,443.8861177620129,10.415688514709473,0.0,0.0,0.0,0.0,0.01,1e-07,True,4.1998714208602905,0.054860472679138184,0.054860472679138184,8.45460331439972e-05,0.0,1,0.0,4970689,deep,10.415361166000366,10.415361166000366,4.145010948181152,443.8861177620129,0.0,/home/rato/dev/ai/SAINT-G/runs/phase16_marco4n_b_ntk_hybrid_topk8_probe2k_24graft_seed123,4.1998714208602905,123,2,15000
0,silu,rejected,0.0,blocks.4,10.415361166000366,0,0.0,10.415361166000366,8.45460331439972e-05,blocks.4|lr=3.00e-07|scale=5.00e-03|act=silu,blocks.4,19882756,6,-6.897830313146787e-05,451.56552194198593,10.420442581176758,0.0,0.0,0.0,0.0,0.005,3e-07,True,4.1998714208602905,0.054860472679138184,0.054860472679138184,8.45460331439972e-05,0.0,1,0.0,4970689,deep,10.415361166000366,10.415361166000366,4.145010948181152,451.56552194198593,0.0,/home/rato/dev/ai/SAINT-G/runs/phase16_marco4n_b_ntk_hybrid_topk8_probe2k_24graft_seed123,4.1998714208602905,123,2,15000
0,silu,rejected,0.0,blocks.4,10.415361166000366,0,0.0,10.415361166000366,8.45460331439972e-05,blocks.4|lr=3.00e-07|scale=1.00e-03|act=silu,blocks.4,19882756,7,-6.937893205256642e-05,455.57181115297135,10.418205261230469,0.0,0.0,0.0,0.0,0.001,3e-07,True,4.1998714208602905,0.054860472679138184,0.054860472679138184,8.45460331439972e-05,0.0,1,0.0,4970689,deep,10.415361166000366,10.415361166000366,4.145010948181152,455.57181115297135,0.0,/home/rato/dev/ai/SAINT-G/runs/phase16_marco4n_b_ntk_hybrid_topk8_probe2k_24graft_seed123,4.1998714208602905,123,2,15000
0,silu,rejected,0.0,blocks.4,10.415361166000366,0,0.0,10.415361166000366,8.45460331439972e-05,blocks.4|lr=1.00e-07|scale=1.00e-03|act=silu,blocks.4,19882756,8,-6.959049185016866e-05,457.68740912899375,10.415372133255005,0.0,0.0,0.0,0.0,0.001,1e-07,True,4.1998714208602905,0.054860472679138184,0.054860472679138184,8.45460331439972e-05,0.0,1,0.0,4970689,deep,10.415361166000366,10.415361166000366,4.145010948181152,457.68740912899375,0.0,/home/rato/dev/ai/SAINT-G/runs/phase16_marco4n_b_ntk_hybrid_topk8_probe2k_24graft_seed123,4.1998714208602905,123,2,15000
0,silu,rejected,0.0,blocks.4,10.415361166000366,0,0.0,10.415361166000366,4.054880946874619e-05,blocks.2|lr=3.00e-08|scale=1.00e-03|act=silu,blocks.2,19882756,9,-7.752562707847191e-05,537.0387614120264,10.415365934371948,0.0,0.0,0.0,0.0,0.001,3e-08,False,2.012525886297226,0.029829174280166626,-0.029829174280166626,4.054880946874619e-05,0.0,3,0.0,4970689,deep,10.415361166000366,10.415361166000366,2.0423550605773926,537.0387614120264,0.0,/home/rato/dev/ai/SAINT-G/runs/phase16_marco4n_b_ntk_hybrid_topk8_probe2k_24graft_seed123,2.012525886297226,123,2,15000
4,silu,rejected,0.0,blocks.4,10.415361166000366,0,0.0,10.415361166000366,-0.00022684230852127075,blocks.3|lr=3.00e-08|scale=1.00e-03|act=silu,blocks.3,19882756,10,-0.0005141762535601689,503.545026228996,10.415364027023315,0.0,0.0,0.0,0.0,0.001,3e-08,False,3.1386934518814087,0.06029176712036133,0.06029176712036133,1.3157691478729249e-05,0.0002,2,0.0002,4970689,deep,10.415361166000366,10.415361166000366,3.0784016847610474,503.545026228996,0.00024,/home/rato/dev/ai/SAINT-G/runs/phase16_marco4n_b_ntk_hybrid_topk8_probe2k_24graft_seed123,0.6277386903762817,123,2,15000
